[
  {
    "settingCategory": "app_settings",
    "settingKey": "app_name",
    "settingValue": "PRAYERS",
    "valueType": "string",
    "isCoreSetting": true
  },
  {
    "settingCategory": "app_settings",
    "settingKey": "app_icon",
    "settingValue": "",
    "valueType": "image",
    "isCoreSetting": true
  },
  {
    "settingCategory": "app_settings",
    "settingKey": "app_logo",
    "settingValue": "",
    "valueType": "image",
    "isCoreSetting": true
  },
  {
    "settingCategory": "app_settings",
    "settingKey": "language",
    "settingValue": "en_us",
    "valueType": "string",
    "isCoreSetting": true
  },
  {
    "settingCategory": "app_settings",
    "settingKey": "allowed_role",
    "settingValue": ["admin", "staff"],
    "valueType": "array",
    "isCoreSetting": true
  },
  {
    "settingCategory": "app_settings",
    "settingKey": "email_settings",
    "settingValue": {
      "smtpServer": "smtp.example.com",
      "port": 587,
      "username": "example@example.com",
      "password": "mysecretpassword"
    },
    "valueType": "object",
    "isCoreSetting": true
  }
]
