[
  {
    "settingCategory": "company_settings",
    "settingKey": "company_name",
    "settingValue": "PRAYERS",
    "valueType": "string",
    "isCoreSetting": true
  },
  {
    "settingCategory": "company_settings",
    "settingKey": "company_logo",
    "settingValue": "",
    "valueType": "image",
    "isCoreSetting": true
  },
  {
    "settingCategory": "company_settings",
    "settingKey": "company_address",
    "settingValue": "B-411 Monalisa Business Hub, 390011",
    "valueType": "string",
    "isCoreSetting": true
  },
  {
    "settingCategory": "company_settings",
    "settingKey": "company_email",
    "settingValue": "hello@prayersapp.com",
    "valueType": "string",
    "isCoreSetting": true
  },
  {
    "settingCategory": "company_settings",
    "settingKey": "company_phone",
    "settingValue": "+91 9998216456",
    "valueType": "string",
    "isCoreSetting": true
  },
  {
    "settingCategory": "company_settings",
    "settingKey": "company_cell",
    "settingValue": "+91 9998216456",
    "valueType": "string",
    "isCoreSetting": true
  },
  {
    "settingCategory": "company_settings",
    "settingKey": "company_website",
    "settingValue": "www.prayersapp.com",
    "valueType": "string",
    "isCoreSetting": true
  },
  {
    "settingCategory": "company_settings",
    "settingKey": "company_country",
    "settingValue": "India",
    "valueType": "string",
    "isCoreSetting": true
  },
  {
    "settingCategory": "company_settings",
    "settingKey": "company_tax_number",
    "settingValue": "12345678901",
    "valueType": "string",
    "isCoreSetting": true
  },
  {
    "settingCategory": "company_settings",
    "settingKey": "company_vat_number",
    "settingValue": "12345678901",
    "valueType": "string",
    "isCoreSetting": true
  },
  {
    "settingCategory": "company_settings",
    "settingKey": "company_reg_number",
    "settingValue": "00001231421",
    "valueType": "string",
    "isCoreSetting": true
  }
]
