[
  {
    "emailKey": "email_signup_email_confirm_default",
    "emailName": "Signup Confirmation Email",
    "emailSubject": "Signup Confirmation From Prayers",
    "emailBody": "<p>email_signup_email_confirm_default</p>",
    "emailVariables": ["name"]
  },
  {
    "emailKey": "email_reset_password_default",
    "emailName": "Password Reset Email",
    "emailSubject": "Password Reset  From Prayers",
    "emailBody": "<p>email_reset_password_default</p>",
    "emailVariables": ["name"]
  },
  {
    "emailKey": "welcome_email_default",
    "emailName": "Welcome Email",
    "emailSubject": "Welcom From Prayers",
    "emailBody": "<p>welcome_email</p>",
    "emailVariables": ["name"]
  }
]
